{
    "columns":[
        [
            "Close",
            "GC=F"
        ],
        [
            "High",
            "GC=F"
        ],
        [
            "Low",
            "GC=F"
        ],
        [
            "Open",
            "GC=F"
        ],
        [
            "Volume",
            "GC=F"
        ]
    ],
    "index":[
        1753315200000
    ],
    "data":[
        [
            3367.8000488281,
            3376.6000976562,
            3367.1000976562,
            3372.1000976562,
            12736
        ]
    ]
}